dataset,method,seed,task,elapsed_sec,metric_accuracy,metric_f1,metric_precision,metric_recall,metric_roc_auc,metric_mae,metric_rmse,metric_r2
AMES,RF,42,classification,4.96,0.699382292381606,0.7312883435582822,0.6629588431590656,0.8153214774281806,0.7897988716916711,,,
AMES,RF,123,classification,4.94,0.7137954701441318,0.7405102675793404,0.6854838709677419,0.8051420838971584,0.7927241133655735,,,
AMES,RF,7,classification,5.06,0.7014413177762526,0.7269303201506592,0.666283084004603,0.7997237569060773,0.7946888213879236,,,
AMES,XGB,42,classification,3.81,0.6945778997940975,0.7174603174603175,0.669431279620853,0.7729138166894665,0.7638504181222749,,,
AMES,XGB,123,classification,3.67,0.6822237474262183,0.7115264797507788,0.6593533487297921,0.7726657645466847,0.7507585723385889,,,
AMES,XGB,7,classification,3.91,0.6794783802333562,0.7031150667514304,0.6513545347467609,0.7638121546961326,0.7573130930935459,,,
AMES,GCN,42,classification,41.36,0.6492793411118737,0.6820161792159303,0.6255707762557078,0.7496580027359782,0.7198354644567803,,,
AMES,GCN,123,classification,33.59,0.6410432395332876,0.6765615337043909,0.623006833712984,0.7401894451962111,0.7114522749631551,,,
AMES,GCN,7,classification,50.75,0.6636925188743995,0.6850899742930592,0.640625,0.7361878453038674,0.7214203342051511,,,
AMES,GIN,42,classification,32.7,0.7131091283459162,0.7317073170731707,0.6892382103990327,0.7797537619699042,0.7785515897691,,,
AMES,GIN,123,classification,20.58,0.7240905971173645,0.7276422764227642,0.728629579375848,0.7266576454668471,0.7825922254345066,,,
AMES,GIN,7,classification,21.03,0.7199725463280714,0.7298013245033113,0.7010178117048346,0.761049723756906,0.779295712013748,,,
AMES,GAT,42,classification,84.94,0.6787920384351407,0.7056603773584905,0.6530849825378346,0.7674418604651163,0.7568276974445362,,,
AMES,GAT,123,classification,78.06,0.6719286204529856,0.7137724550898203,0.640171858216971,0.8064952638700947,0.7511863882910355,,,
AMES,GAT,7,classification,64.18,0.6808510638297872,0.7110006215040398,0.6463276836158192,0.7900552486187845,0.7403691783558073,,,
AMES,SAGE,42,classification,33.61,0.7035003431708992,0.7227214377406932,0.6807738814993954,0.7701778385772914,0.773170079102177,,,
AMES,SAGE,123,classification,56.7,0.7165408373369938,0.7255813953488373,0.7127937336814621,0.7388362652232747,0.7807320741346621,,,
AMES,SAGE,7,classification,34.46,0.7021276595744681,0.7297633872976339,0.6643990929705216,0.8093922651933702,0.767386732794163,,,
AMES,GINE,42,classification,18.46,0.6767330130404942,0.6455981941309256,0.717391304347826,0.5868673050615595,0.7368863363142681,,,
AMES,GINE,123,classification,18.81,0.7158544955387783,0.7063829787234043,0.7421758569299552,0.6738836265223275,0.7664426443925956,,,
AMES,GINE,7,classification,19.58,0.6925188743994509,0.7210460772104608,0.6564625850340136,0.7997237569060773,0.7700379881362447,,,
AMES,ChemBERTa,42,classification,650.51,0.641729581331503,0.6896551724137931,0.6098843322818086,0.7934336525307798,0.7171842790546932,,,
AMES,ChemBERTa,123,classification,637.73,0.6293754289636239,0.686411149825784,0.6012207527975585,0.7997293640054127,0.6999596684520601,,,
AMES,ChemBERTa,7,classification,643.63,0.6472203157172272,0.6965761511216056,0.6082474226804123,0.8149171270718232,0.707155939791819,,,
hERG_Karim,RF,42,classification,10.63,0.7167286245353159,0.6892332789559543,0.649500384319754,0.7341442224152911,0.7940559639920988,,,
hERG_Karim,RF,123,classification,10.57,0.724907063197026,0.6972176759410802,0.660977501939488,0.7376623376623377,0.7951565915083831,,,
hERG_Karim,RF,7,classification,10.52,0.7219330855018588,0.6914191419141914,0.6486068111455109,0.7402826855123675,0.8057489669187188,,,
hERG_Karim,XGB,42,classification,8.68,0.7044609665427509,0.6772228989037758,0.635670731707317,0.7245873153779322,0.7827190978379113,,,
hERG_Karim,XGB,123,classification,8.9,0.7174721189591078,0.6915584415584416,0.6508785332314744,0.7376623376623377,0.7970083336858582,,,
hERG_Karim,XGB,7,classification,8.86,0.7171003717472119,0.6902726902726902,0.64,0.7491166077738516,0.8027727629424333,,,
hERG_Karim,GCN,42,classification,60.95,0.6550185873605948,0.5743119266055046,0.608357628765792,0.5438748913987836,0.6952792413185359,,,
hERG_Karim,GCN,123,classification,43.19,0.6553903345724907,0.5932426502852128,0.6014234875444839,0.5852813852813853,0.6913890886529324,,,
hERG_Karim,GCN,7,classification,105.65,0.6460966542750929,0.5824561403508772,0.578397212543554,0.5865724381625441,0.6900948937888114,,,
hERG_Karim,GIN,42,classification,84.93,0.7197026022304833,0.6585144927536232,0.6877956480605487,0.631624674196351,0.7853181881562998,,,
hERG_Karim,GIN,123,classification,54.13,0.7159851301115242,0.6669572798605057,0.6716417910447762,0.6623376623376623,0.7783391852447228,,,
hERG_Karim,GIN,7,classification,60.45,0.7070631970260223,0.6215177713736791,0.6810526315789474,0.5715547703180212,0.7695434937425438,,,
hERG_Karim,GAT,42,classification,187.03,0.6680297397769517,0.6057395143487859,0.6157989228007181,0.5960034752389227,0.7133983557535922,,,
hERG_Karim,GAT,123,classification,129.15,0.6669144981412639,0.5658914728682171,0.6424642464246425,0.5056277056277056,0.6981225940183595,,,
hERG_Karim,GAT,7,classification,125.44,0.6591078066914499,0.5724941724941724,0.6061204343534057,0.5424028268551236,0.6973706890686165,,,
hERG_Karim,SAGE,42,classification,53.43,0.6646840148698885,0.5521350546176763,0.6442641946697567,0.48305821025195483,0.7052905939914949,,,
hERG_Karim,SAGE,123,classification,69.65,0.6743494423791822,0.6021798365122616,0.6332378223495702,0.574025974025974,0.7221337620034689,,,
hERG_Karim,SAGE,7,classification,74.03,0.6806691449814126,0.5803615046409379,0.6491803278688525,0.5247349823321554,0.7217620669790481,,,
hERG_Karim,GINE,42,classification,98.58,0.7115241635687732,0.6747694886839899,0.6518218623481782,0.6993918331885317,0.7886353590318106,,,
hERG_Karim,GINE,123,classification,61.08,0.7003717472118959,0.5949748743718593,0.7089820359281437,0.5125541125541125,0.757289225432548,,,
hERG_Karim,GINE,7,classification,93.79,0.7260223048327138,0.6725899600177698,0.676496872207328,0.6687279151943463,0.7948800673147145,,,
hERG_Karim,ChemBERTa,42,classification,1205.7,0.6245353159851301,0.6159695817490495,0.5476673427991886,0.7037358818418766,0.6863399287226012,,,
hERG_Karim,ChemBERTa,123,classification,1197.91,0.6271375464684015,0.6077434493547126,0.5542082738944365,0.6727272727272727,0.684520213771028,,,
hERG_Karim,ChemBERTa,7,classification,1200.76,0.6118959107806692,0.5940902021772939,0.5305555555555556,0.6749116607773852,0.692488217656958,,,
DILI,RF,42,classification,1.01,0.6875,0.7222222222222222,0.75,0.6964285714285714,0.8075892857142857,,,
DILI,RF,123,classification,1.0,0.7083333333333334,0.78125,0.746268656716418,0.819672131147541,0.7822014051522248,,,
DILI,RF,7,classification,1.01,0.78125,0.8292682926829268,0.8793103448275862,0.7846153846153846,0.8903225806451613,,,
DILI,XGB,42,classification,0.6,0.6666666666666666,0.7037037037037037,0.7307692307692307,0.6785714285714286,0.7647321428571429,,,
DILI,XGB,123,classification,0.58,0.7708333333333334,0.8225806451612904,0.8095238095238095,0.8360655737704918,0.8224824355971897,,,
DILI,XGB,7,classification,0.59,0.8333333333333334,0.875,0.8888888888888888,0.8615384615384616,0.856575682382134,,,
DILI,GCN,42,classification,5.54,0.7916666666666666,0.8214285714285714,0.8214285714285714,0.8214285714285714,0.8366071428571429,,,
DILI,GCN,123,classification,2.28,0.7291666666666666,0.8115942028985508,0.7272727272727273,0.9180327868852459,0.8163934426229509,,,
DILI,GCN,7,classification,6.9,0.8125,0.8676470588235294,0.8309859154929577,0.9076923076923077,0.8828784119106701,,,
DILI,GIN,42,classification,1.67,0.7708333333333334,0.8070175438596491,0.7931034482758621,0.8214285714285714,0.8504464285714286,,,
DILI,GIN,123,classification,1.34,0.8020833333333334,0.8613138686131386,0.7763157894736842,0.9672131147540983,0.8515222482435597,,,
DILI,GIN,7,classification,1.75,0.8958333333333334,0.9253731343283582,0.8985507246376812,0.9538461538461539,0.9086848635235734,,,
DILI,GAT,42,classification,11.36,0.8020833333333334,0.8288288288288288,0.8363636363636363,0.8214285714285714,0.8383928571428572,,,
DILI,GAT,123,classification,3.26,0.7083333333333334,0.8028169014084507,0.7037037037037037,0.9344262295081968,0.8023419203747073,,,
DILI,GAT,7,classification,11.59,0.84375,0.8888888888888888,0.8571428571428571,0.9230769230769231,0.8679900744416873,,,
DILI,SAGE,42,classification,2.6,0.7708333333333334,0.8166666666666667,0.765625,0.875,0.8205357142857143,,,
DILI,SAGE,123,classification,4.36,0.7604166666666666,0.8296296296296296,0.7567567567567568,0.9180327868852459,0.8285714285714286,,,
DILI,SAGE,7,classification,6.45,0.8125,0.8676470588235294,0.8309859154929577,0.9076923076923077,0.8704714640198512,,,
DILI,GINE,42,classification,1.41,0.7395833333333334,0.7619047619047619,0.8163265306122449,0.7142857142857143,0.8299107142857144,,,
DILI,GINE,123,classification,1.47,0.7708333333333334,0.8382352941176471,0.76,0.9344262295081968,0.8426229508196722,,,
DILI,GINE,7,classification,2.19,0.8645833333333334,0.9007633587786259,0.8939393939393939,0.9076923076923077,0.9086848635235732,,,
DILI,ChemBERTa,42,classification,42.47,0.6354166666666666,0.6728971962616822,0.7058823529411765,0.6428571428571429,0.6767857142857143,,,
DILI,ChemBERTa,123,classification,42.55,0.6458333333333334,0.7301587301587301,0.7076923076923077,0.7540983606557377,0.6833723653395785,,,
DILI,ChemBERTa,7,classification,42.38,0.75,0.8208955223880597,0.7971014492753623,0.8461538461538461,0.7429280397022333,,,
ClinTox,RF,42,classification,1.56,0.9292929292929293,0.0,0.0,0.0,0.7318840579710145,,,
ClinTox,RF,123,classification,1.53,0.898989898989899,0.0,0.0,0.0,0.7367472979927946,,,
ClinTox,RF,7,classification,1.55,0.936026936026936,0.0,0.0,0.0,0.7315410829231351,,,
ClinTox,XGB,42,classification,1.4,0.9393939393939394,0.4375,0.6363636363636364,0.3333333333333333,0.8326432022084196,,,
ClinTox,XGB,123,classification,1.37,0.9023569023569024,0.21621621621621623,0.5,0.13793103448275862,0.7963201235203294,,,
ClinTox,XGB,7,classification,1.36,0.9461279461279462,0.3333333333333333,0.8,0.21052631578947367,0.7709201060204467,,,
ClinTox,GCN,42,classification,22.12,0.6868686868686869,0.27906976744186046,0.16666666666666666,0.8571428571428571,0.7989993098688751,,,
ClinTox,GCN,123,classification,5.16,0.5959595959595959,0.22077922077922077,0.136,0.5862068965517241,0.6067936181163149,,,
ClinTox,GCN,7,classification,3.86,0.1414141414141414,0.12371134020618557,0.0661764705882353,0.9473684210526315,0.66565694812571,,,
ClinTox,GIN,42,classification,8.41,0.7811447811447811,0.32989690721649484,0.21052631578947367,0.7619047619047619,0.834023464458247,,,
ClinTox,GIN,123,classification,7.83,0.7643097643097643,0.375,0.25301204819277107,0.7241379310344828,0.8174215131240349,,,
ClinTox,GIN,7,classification,6.2,0.7205387205387206,0.2782608695652174,0.16666666666666666,0.8421052631578947,0.8093525179856115,,,
ClinTox,GAT,42,classification,17.65,0.6498316498316499,0.2571428571428571,0.15126050420168066,0.8571428571428571,0.714975845410628,,,
ClinTox,GAT,123,classification,10.43,0.7272727272727273,0.3076923076923077,0.20454545454545456,0.6206896551724138,0.7388059701492538,,,
ClinTox,GAT,7,classification,10.3,0.5892255892255892,0.22784810126582278,0.12949640287769784,0.9473684210526315,0.7813328284740628,,,
ClinTox,SAGE,42,classification,20.64,0.7138047138047138,0.2975206611570248,0.18,0.8571428571428571,0.7938233264320221,,,
ClinTox,SAGE,123,classification,15.34,0.7474747474747475,0.4,0.2604166666666667,0.8620689655172413,0.8167781780751415,,,
ClinTox,SAGE,7,classification,8.69,0.6127946127946128,0.22818791946308725,0.13076923076923078,0.8947368421052632,0.8351003407800076,,,
ClinTox,GINE,42,classification,12.65,0.7643097643097643,0.3269230769230769,0.20481927710843373,0.8095238095238095,0.8364389233954451,,,
ClinTox,GINE,123,classification,10.5,0.7643097643097643,0.3269230769230769,0.22666666666666666,0.5862068965517241,0.7803654143077715,,,
ClinTox,GINE,7,classification,10.34,0.7744107744107744,0.30927835051546393,0.19230769230769232,0.7894736842105263,0.814085573646346,,,
ClinTox,ChemBERTa,42,classification,132.05,0.5925925925925926,0.16551724137931034,0.0967741935483871,0.5714285714285714,0.669168391994479,,,
ClinTox,ChemBERTa,123,classification,131.71,0.531986531986532,0.2057142857142857,0.1232876712328767,0.6206896551724138,0.5930905815748841,,,
ClinTox,ChemBERTa,7,classification,132.03,0.48484848484848486,0.13559322033898305,0.0759493670886076,0.631578947368421,0.6121734191594093,,,
LD50_Zhu,RF,42,regression,73.33,,,,,,0.591956091040721,0.8326054335888321,0.029251393468231246
LD50_Zhu,RF,123,regression,73.19,,,,,,0.597297087927645,0.8333760998746993,0.032351741764329534
LD50_Zhu,RF,7,regression,72.95,,,,,,0.5815640815669699,0.8150298971806074,0.028725404999325632
LD50_Zhu,XGB,42,regression,3.62,,,,,,0.622226357460022,0.8562092820113293,-0.026568889617919922
LD50_Zhu,XGB,123,regression,3.62,,,,,,0.6370562314987183,0.8752527553075871,-0.06733894348144531
LD50_Zhu,XGB,7,regression,3.63,,,,,,0.6155393123626709,0.8484659854048229,-0.05260121822357178
LD50_Zhu,GCN,42,regression,15.98,,,,,,0.6778532862663269,0.866459515157965,-0.05129551887512207
LD50_Zhu,GCN,123,regression,42.38,,,,,,0.6753270030021667,0.8754076689218864,-0.06771683692932129
LD50_Zhu,GCN,7,regression,69.51,,,,,,0.6728838682174683,0.8677659382346908,-0.10103261470794678
LD50_Zhu,GIN,42,regression,37.91,,,,,,0.7531471252441406,1.0160096833826413,-0.44551944732666016
LD50_Zhu,GIN,123,regression,26.6,,,,,,0.7407907247543335,1.0323702189829813,-0.48493123054504395
LD50_Zhu,GIN,7,regression,34.82,,,,,,0.787114679813385,1.0587906320064517,-0.639136552810669
LD50_Zhu,GAT,42,regression,37.2,,,,,,0.6407486796379089,0.8354541415008752,0.022597432136535645
LD50_Zhu,GAT,123,regression,35.78,,,,,,0.6594863533973694,0.8614068027814935,-0.03383684158325195
LD50_Zhu,GAT,7,regression,35.93,,,,,,0.6593124270439148,0.8465285292773257,-0.04779946804046631
LD50_Zhu,SAGE,42,regression,63.18,,,,,,0.6269056797027588,0.8308144209752093,0.03342330455780029
LD50_Zhu,SAGE,123,regression,47.73,,,,,,0.6649959087371826,0.8645975770504719,-0.04150998592376709
LD50_Zhu,SAGE,7,regression,49.63,,,,,,0.6392650604248047,0.8349929535734074,-0.019437551498413086
LD50_Zhu,GINE,42,regression,24.17,,,,,,0.7671735882759094,1.1234860299654768,-0.76751708984375
LD50_Zhu,GINE,123,regression,30.17,,,,,,0.8251863718032837,1.2267144467457272,-1.096632719039917
LD50_Zhu,GINE,7,regression,51.05,,,,,,0.7044010162353516,0.9786919836531996,-0.40051257610321045
Tox21_NR-AR,RF,42,classification,5.5,0.969050894085282,0.47058823529411764,0.9523809523809523,0.3125,0.7371178057553958,,,
Tox21_NR-AR,XGB,42,classification,3.94,0.9573590096286108,0.42592592592592593,0.5227272727272727,0.359375,0.6878035071942445,,,
Tox21_NR-AR,GCN,42,classification,27.24,0.5839064649243466,0.12698412698412698,0.06995230524642289,0.6875,0.6973021582733813,,,
Tox21_NR-AR,GIN,42,classification,20.89,0.5261348005502063,0.117797695262484,0.06415620641562064,0.71875,0.7455260791366907,,,
Tox21_NR-AR,GAT,42,classification,50.56,0.6733149931224209,0.14414414414414414,0.0814663951120163,0.625,0.6981789568345323,,,
Tox21_NR-AR,SAGE,42,classification,23.98,0.7077028885832187,0.15841584158415842,0.09070294784580499,0.625,0.7169626798561151,,,
Tox21_NR-AR,GINE,42,classification,20.55,0.5997248968363136,0.13134328358208955,0.07260726072607261,0.6875,0.7218525179856116,,,
Tox21_NR-AR-LBD,RF,42,classification,4.7,0.9689578713968958,0.3225806451612903,0.6666666666666666,0.2127659574468085,0.7561663028249325,,,
Tox21_NR-AR-LBD,XGB,42,classification,3.85,0.967479674796748,0.37142857142857144,0.5652173913043478,0.2765957446808511,0.775748590792089,,,
Tox21_NR-AR-LBD,GCN,42,classification,55.64,0.7849223946784922,0.166189111747851,0.09602649006622517,0.6170212765957447,0.724870483203545,,,
Tox21_NR-AR-LBD,GIN,42,classification,15.13,0.713229859571323,0.12612612612612611,0.07052896725440806,0.5957446808510638,0.683930142387019,,,
Tox21_NR-AR-LBD,GAT,42,classification,103.29,0.7250554323725056,0.1308411214953271,0.07349081364829396,0.5957446808510638,0.704098921507934,,,
Tox21_NR-AR-LBD,SAGE,42,classification,43.14,0.8403547671840355,0.20588235294117646,0.12444444444444444,0.5957446808510638,0.7377244143234173,,,
Tox21_NR-AR-LBD,GINE,42,classification,20.75,0.5720620842572062,0.10510046367851623,0.056666666666666664,0.723404255319149,0.7471082727835522,,,
Tox21_NR-AhR,RF,42,classification,4.25,0.8596491228070176,0.14018691588785046,0.7894736842105263,0.07692307692307693,0.7771022883926109,,,
Tox21_NR-AhR,XGB,42,classification,3.78,0.8604118993135011,0.4,0.5545454545454546,0.3128205128205128,0.774074074074074,,,
Tox21_NR-AhR,GCN,42,classification,31.93,0.5362318840579711,0.37060041407867494,0.23216601815823606,0.9179487179487179,0.7848497380755445,,,
Tox21_NR-AhR,GIN,42,classification,23.64,0.6681922196796338,0.42231075697211157,0.2849462365591398,0.8153846153846154,0.8279432037496554,,,
Tox21_NR-AhR,GAT,42,classification,34.82,0.4897025171624714,0.3548698167791707,0.21852731591448932,0.9435897435897436,0.7873173421560518,,,
Tox21_NR-AhR,SAGE,42,classification,38.55,0.5827612509534706,0.3847019122609674,0.24639769452449567,0.8769230769230769,0.8031247128021323,,,
Tox21_NR-AhR,GINE,42,classification,17.2,0.5453852021357742,0.37130801687763715,0.2337317397078353,0.9025641025641026,0.7913840639647092,,,
Tox21_NR-Aromatase,RF,42,classification,3.94,0.9098712446351931,0.0,0.0,0.0,0.6123849053867904,,,
Tox21_NR-Aromatase,XGB,42,classification,3.49,0.9081545064377683,0.036036036036036036,0.2857142857142857,0.019230769230769232,0.5943866453998405,,,
Tox21_NR-Aromatase,GCN,42,classification,19.57,0.19742489270386265,0.17183348095659876,0.09463414634146342,0.9326923076923077,0.6335097513231349,,,
Tox21_NR-Aromatase,GIN,42,classification,12.41,0.15879828326180256,0.16808149405772496,0.09217877094972067,0.9519230769230769,0.6448107735808019,,,
Tox21_NR-Aromatase,GAT,42,classification,21.64,0.13047210300429185,0.1635012386457473,0.08943089430894309,0.9519230769230769,0.611986152396143,,,
Tox21_NR-Aromatase,SAGE,42,classification,29.11,0.15450643776824036,0.17157275021026072,0.09400921658986175,0.9807692307692307,0.6544261581961864,,,
Tox21_NR-Aromatase,GINE,42,classification,14.7,0.23261802575107296,0.1798165137614679,0.09939148073022312,0.9423076923076923,0.6801004132530994,,,
Tox21_NR-ER,RF,42,classification,5.41,0.8781275221953188,0.1837837837837838,0.85,0.10303030303030303,0.6114299418768693,,,
Tox21_NR-ER,XGB,42,classification,3.22,0.8547215496368039,0.23076923076923078,0.391304347826087,0.16363636363636364,0.6312933807347215,,,
Tox21_NR-ER,GCN,42,classification,28.75,0.36238902340597257,0.2518939393939394,0.14927048260381592,0.806060606060606,0.5836380565430844,,,
Tox21_NR-ER,GIN,42,classification,20.07,0.5698143664245359,0.30144167758846657,0.19230769230769232,0.696969696969697,0.6520568816658202,,,
Tox21_NR-ER,GAT,42,classification,94.97,0.47861178369652946,0.2505800464037123,0.15494978479196556,0.6545454545454545,0.5796089385474861,,,
Tox21_NR-ER,SAGE,42,classification,43.25,0.5512510088781275,0.25668449197860965,0.1646655231560892,0.5818181818181818,0.6121296766548163,,,
Tox21_NR-ER,GINE,42,classification,35.12,0.6529459241323649,0.3086816720257235,0.2100656455142232,0.5818181818181818,0.6699396196602899,,,
Tox21_NR-ER-LBD,RF,42,classification,5.43,0.9647988505747126,0.26865671641791045,0.9,0.15789473684210525,0.6968263355016755,,,
Tox21_NR-ER-LBD,XGB,42,classification,3.82,0.9597701149425287,0.28205128205128205,0.5238095238095238,0.19298245614035087,0.7359353439779222,,,
Tox21_NR-ER-LBD,GCN,42,classification,32.57,0.3642241379310345,0.08856848609680741,0.047045951859956234,0.7543859649122807,0.6409750969183257,,,
Tox21_NR-ER-LBD,GIN,42,classification,18.98,0.5833333333333334,0.11585365853658537,0.06343906510851419,0.6666666666666666,0.6813456863131612,,,
Tox21_NR-ER-LBD,GAT,42,classification,46.6,0.6896551724137931,0.12550607287449392,0.07093821510297482,0.543859649122807,0.6990209606413036,,,
Tox21_NR-ER-LBD,SAGE,42,classification,32.34,0.6443965517241379,0.12389380530973451,0.0688976377952756,0.6140350877192983,0.6703857020829227,,,
Tox21_NR-ER-LBD,GINE,42,classification,29.14,0.7169540229885057,0.12831858407079647,0.07341772151898734,0.5087719298245614,0.6748932255732966,,,
Tox21_NR-PPAR-gamma,RF,42,classification,4.26,0.9503875968992248,0.0,0.0,0.0,0.7024367862969004,,,
Tox21_NR-PPAR-gamma,XGB,42,classification,3.88,0.9511627906976744,0.11267605633802817,0.5714285714285714,0.0625,0.653637336867863,,,
Tox21_NR-PPAR-gamma,GCN,42,classification,35.28,0.48294573643410854,0.1303780964797914,0.07112375533428165,0.78125,0.6477110522022839,,,
Tox21_NR-PPAR-gamma,GIN,42,classification,19.87,0.6062015503875969,0.13898305084745763,0.0779467680608365,0.640625,0.6405485318107668,,,
Tox21_NR-PPAR-gamma,GAT,42,classification,25.54,0.18914728682170542,0.10291595197255575,0.0544464609800363,0.9375,0.663527222675367,,,
Tox21_NR-PPAR-gamma,SAGE,42,classification,15.82,0.6829457364341085,0.14613778705636743,0.08433734939759036,0.546875,0.6531275489396411,,,
Tox21_NR-PPAR-gamma,GINE,42,classification,16.96,0.35426356589147284,0.11664899257688228,0.06257110352673492,0.859375,0.6972751835236541,,,
Tox21_SR-ARE,RF,42,classification,4.85,0.7720651242502142,0.022058823529411766,0.6,0.011235955056179775,0.6460528506034124,,,
Tox21_SR-ARE,XGB,42,classification,2.97,0.7652099400171379,0.19883040935672514,0.4533333333333333,0.12734082397003746,0.6172846441947565,,,
Tox21_SR-ARE,GCN,42,classification,67.66,0.38303341902313626,0.4,0.2572347266881029,0.898876404494382,0.6537265917602996,,,
Tox21_SR-ARE,GIN,42,classification,14.23,0.4601542416452442,0.4283121597096189,0.28263473053892213,0.8838951310861424,0.686783187682064,,,
Tox21_SR-ARE,GAT,42,classification,65.71,0.4001713796058269,0.40273037542662116,0.26077348066298345,0.8838951310861424,0.6398314606741573,,,
Tox21_SR-ARE,SAGE,42,classification,54.61,0.4361610968294773,0.4050632911392405,0.266984505363528,0.8389513108614233,0.6382188930503537,,,
Tox21_SR-ARE,GINE,42,classification,19.88,0.480719794344473,0.4161849710982659,0.2801556420233463,0.8089887640449438,0.6668143986683313,,,
Tox21_SR-ATAD5,RF,42,classification,4.87,0.9540636042402827,0.0,0.0,0.0,0.6671566951566952,,,
Tox21_SR-ATAD5,XGB,42,classification,3.84,0.950530035335689,0.027777777777777776,0.14285714285714285,0.015384615384615385,0.6437378917378918,,,
Tox21_SR-ATAD5,GCN,42,classification,26.69,0.36042402826855124,0.1012909632571996,0.054140127388535034,0.7846153846153846,0.6788034188034189,,,
Tox21_SR-ATAD5,GIN,42,classification,18.07,0.4268551236749117,0.10976948408342481,0.0591016548463357,0.7692307692307693,0.6501880341880342,,,
Tox21_SR-ATAD5,GAT,42,classification,38.84,0.4416961130742049,0.11434977578475336,0.06166868198307134,0.7846153846153846,0.6942564102564103,,,
Tox21_SR-ATAD5,SAGE,42,classification,22.04,0.3236749116607774,0.09631728045325778,0.05130784708249497,0.7846153846153846,0.6654358974358974,,,
Tox21_SR-ATAD5,GINE,42,classification,19.35,0.384452296819788,0.10849539406345957,0.0581140350877193,0.8153846153846154,0.6724216524216524,,,
Tox21_SR-HSE,RF,42,classification,5.46,0.9212355212355212,0.0,0.0,0.0,0.5878983613562776,,,
Tox21_SR-HSE,XGB,42,classification,3.53,0.9204633204633205,0.08849557522123894,0.45454545454545453,0.049019607843137254,0.6203753924033989,,,
Tox21_SR-HSE,GCN,42,classification,23.15,0.5884169884169884,0.17873651771956856,0.10603290676416818,0.5686274509803921,0.6174909192511875,,,
Tox21_SR-HSE,GIN,42,classification,16.96,0.42702702702702705,0.17738359201773837,0.1,0.7843137254901961,0.6712604572424108,,,
Tox21_SR-HSE,GAT,42,classification,19.58,0.0888030888030888,0.14739884393063585,0.07956318252730109,1.0,0.605673618986572,,,
Tox21_SR-HSE,SAGE,42,classification,25.79,0.5444015444015444,0.1917808219178082,0.11146496815286625,0.6862745098039216,0.6607333629176733,,,
Tox21_SR-HSE,GINE,42,classification,24.05,0.5096525096525096,0.18693982074263765,0.10751104565537556,0.7156862745098039,0.6690005423795671,,,
Tox21_SR-MMP,RF,42,classification,4.17,0.8005159071367154,0.12121212121212122,0.6956521739130435,0.06639004149377593,0.7481818345469438,,,
Tox21_SR-MMP,XGB,42,classification,3.29,0.8048151332760103,0.31419939577039274,0.5777777777777777,0.2157676348547718,0.7372728418286064,,,
Tox21_SR-MMP,GCN,42,classification,49.36,0.5030094582975064,0.40899795501022496,0.27137042062415195,0.8298755186721992,0.7001512137604522,,,
Tox21_SR-MMP,GIN,42,classification,15.48,0.6027515047291487,0.4689655172413793,0.32432432432432434,0.8464730290456431,0.7524864762693404,,,
Tox21_SR-MMP,GAT,42,classification,34.43,0.5692175408426483,0.42479908151549944,0.29365079365079366,0.7676348547717843,0.716595710209629,,,
Tox21_SR-MMP,SAGE,42,classification,39.66,0.6087704213241617,0.4444444444444444,0.314878892733564,0.7551867219917012,0.73868372021854,,,
Tox21_SR-MMP,GINE,42,classification,18.86,0.6070507308684436,0.4692218350754936,0.3258064516129032,0.8381742738589212,0.7941107640795313,,,
Tox21_SR-p53,RF,42,classification,4.95,0.8923303834808259,0.039473684210526314,1.0,0.020134228187919462,0.7164026400805147,,,
Tox21_SR-p53,XGB,42,classification,3.79,0.8923303834808259,0.1511627906976744,0.5652173913043478,0.087248322147651,0.701678686409813,,,
Tox21_SR-p53,GCN,42,classification,50.64,0.35176991150442477,0.24158757549611734,0.13861386138613863,0.9395973154362416,0.7134333835623294,,,
Tox21_SR-p53,GIN,42,classification,22.12,0.5309734513274337,0.273972602739726,0.16506189821182943,0.8053691275167785,0.708606951618912,,,
Tox21_SR-p53,GAT,42,classification,49.83,0.20870206489675516,0.21044885945548197,0.11818181818181818,0.959731543624161,0.6526525914269667,,,
Tox21_SR-p53,SAGE,42,classification,30.35,0.27064896755162243,0.2218725413060582,0.12566844919786097,0.9463087248322147,0.6827288245858889,,,
Tox21_SR-p53,GINE,42,classification,19.17,0.3938053097345133,0.25272727272727274,0.14616193480546794,0.9328859060402684,0.7243762615169899,,,
